{"sourceId": "1044", "sourceTitle": "CNN EUROPE", "sourceUri": "edition.cnn.com", "numArticles": 7, "avgTitleLength": 38.0, "Regional": 1.2857142857142858, "Regional/Europe": 0.5714285714285714, "Regional/Europe/United_Kingdom": 0.5714285714285714, "Regional/North_America": 0.42857142857142855, "Regional/North_America/United_States": 0.42857142857142855, "Business": 0.42857142857142855, "Business/Transportation_and_Logistics": 0.14285714285714285, "Business/Transportation_and_Logistics/Maritime": 0.14285714285714285, "Health": 0.5714285714285714, "Health/Public_Health_and_Safety": 0.42857142857142855, "Health/Public_Health_and_Safety/Emergency_Services": 0.2857142857142857, "Society": 0.14285714285714285, "Society/History": 0.14285714285714285, "Society/History/By_Topic": 0.14285714285714285, "Business/Business_Services": 0.14285714285714285, "Business/Business_Services/Fire_and_Security": 0.14285714285714285, "Business/Industrial_Goods_and_Services": 0.14285714285714285, "Business/Industrial_Goods_and_Services/Industrial_Supply": 0.14285714285714285, "Science": 0.2857142857142857, "Science/Technology": 0.2857142857142857, "Science/Technology/Safety_Engineering": 0.14285714285714285, "Regional/Oceania": 0.14285714285714285, "Regional/Oceania/Australia": 0.14285714285714285, "Reference": 0.14285714285714285, "Reference/Education": 0.14285714285714285, "Reference/Education/Colleges_and_Universities": 0.14285714285714285, "Sports": 1.1428571428571428, "Sports/Hockey": 0.14285714285714285, "Sports/Hockey/Field_Hockey": 0.14285714285714285, "Sports/Soccer": 0.2857142857142857, "Sports/Soccer/UEFA": 0.14285714285714285, "Sports/Football": 0.2857142857142857, "Sports/Football/Australian_Rules": 0.14285714285714285, "Sports/Soccer/AFC": 0.14285714285714285, "Sports/Football/Rugby_Union": 0.14285714285714285, "Recreation": 0.5714285714285714, "Recreation/Autos": 0.14285714285714285, "Recreation/Autos/Magazines_and_E-zines": 0.14285714285714285, "Arts": 1.4285714285714286, "Arts/Movies": 0.5714285714285714, "Arts/Movies/Filmmaking": 0.14285714285714285, "Arts/Movies/Organizations": 0.14285714285714285, "Arts/Movies/Education": 0.14285714285714285, "Sports/Running": 0.2857142857142857, "Sports/Running/Trail_Running": 0.14285714285714285, "Health/Medicine": 0.14285714285714285, "Health/Medicine/Medical_Specialties": 0.14285714285714285, "Recreation/Guns": 0.2857142857142857, "Recreation/Guns/Competition_Shooting": 0.14285714285714285, "Recreation/Travel": 0.14285714285714285, "Recreation/Travel/Specialty_Travel": 0.14285714285714285, "Sports/Water_Sports": 0.14285714285714285, "Sports/Water_Sports/Surfing": 0.14285714285714285, "Shopping": 0.14285714285714285, "Shopping/Sports": 0.14285714285714285, "Shopping/Sports/Water_Sports": 0.14285714285714285, "Arts/Photography": 0.14285714285714285, "Arts/Photography/Equipment_and_Services": 0.14285714285714285, "Science/Technology/Acoustics,_Ultrasound_and_Vibration": 0.14285714285714285, "Regional/Asia": 0.14285714285714285, "Regional/Asia/India": 0.14285714285714285, "Arts/Performing_Arts": 0.42857142857142855, "Arts/Performing_Arts/Comedy": 0.14285714285714285, "Arts/Television": 0.14285714285714285, "Arts/Television/Programs": 0.14285714285714285, "Arts/Radio": 0.14285714285714285, "Arts/Radio/Formats": 0.14285714285714285, "Arts/Performing_Arts/Magic": 0.14285714285714285, "Arts/Performing_Arts/Hypnotism": 0.14285714285714285}