{"sourceId": "1049", "sourceTitle": "HINDU", "sourceUri": "www.thehindu.com", "numArticles": 3, "avgTitleLength": 43.0, "Regional": 1.6666666666666667, "Regional/Europe": 0.6666666666666666, "Regional/Europe/United_Kingdom": 0.6666666666666666, "Society": 1.6666666666666667, "Society/Religion_and_Spirituality": 0.3333333333333333, "Society/Religion_and_Spirituality/Christianity": 0.3333333333333333, "Sports": 0.3333333333333333, "Sports/Equestrian": 0.3333333333333333, "Sports/Equestrian/Breeds": 0.3333333333333333, "Recreation": 0.3333333333333333, "Recreation/Travel": 0.3333333333333333, "Recreation/Travel/Specialty_Travel": 0.3333333333333333, "Shopping": 0.3333333333333333, "Shopping/Health": 0.3333333333333333, "Shopping/Health/Disabilities": 0.3333333333333333, "Regional/North_America": 0.3333333333333333, "Regional/North_America/United_States": 0.3333333333333333, "Regional/Oceania": 0.3333333333333333, "Regional/Oceania/Australia": 0.3333333333333333, "Society/Issues": 0.6666666666666666, "Society/Issues/Fraud": 0.3333333333333333, "Society/Law": 0.3333333333333333, "Society/Law/Services": 0.3333333333333333, "Society/Politics": 0.3333333333333333, "Society/Politics/Campaigns_and_Elections": 0.3333333333333333, "Society/Issues/Business": 0.3333333333333333, "Business": 1.3333333333333333, "Business/Mining_and_Drilling": 0.6666666666666666, "Business/Mining_and_Drilling/Mineral_Exploration_and_Extraction": 0.3333333333333333, "Business/Industrial_Goods_and_Services": 0.3333333333333333, "Business/Industrial_Goods_and_Services/Packaging": 0.3333333333333333, "Regional/Africa": 0.3333333333333333, "Regional/Africa/Nigeria": 0.3333333333333333, "Business/Materials": 0.3333333333333333, "Business/Materials/Metals": 0.3333333333333333}