{"sourceId": "1522", "sourceTitle": "GIGAOM", "sourceUri": "gigaom.com", "numArticles": 3, "avgTitleLength": 57.0, "Regional": 0.3333333333333333, "Regional/Europe": 0.3333333333333333, "Regional/Europe/United_Kingdom": 0.3333333333333333, "Business": 1.3333333333333333, "Business/Small_Business": 0.3333333333333333, "Science": 0.3333333333333333, "Science/Technology": 0.3333333333333333, "Science/Technology/Energy": 0.3333333333333333, "Computers": 2.0, "Computers/Software": 0.6666666666666666, "Computers/Software/Business": 0.3333333333333333, "Computers/Multimedia": 0.6666666666666666, "Computers/Hardware": 0.3333333333333333, "Computers/Hardware/Storage": 0.3333333333333333, "Computers/Multimedia/Development_Frameworks": 0.3333333333333333, "Business/Business_Services": 0.6666666666666666, "Business/Business_Services/Consulting": 0.3333333333333333, "Society": 1.3333333333333333, "Society/Issues": 0.3333333333333333, "Society/Issues/Business": 0.3333333333333333, "Computers/Software/Databases": 0.3333333333333333, "Society/Crime": 0.3333333333333333, "Society/Crime/Theft": 0.3333333333333333, "Society/Law": 0.6666666666666666, "Society/Law/Services": 0.3333333333333333, "Society/Law/Legal_Information": 0.3333333333333333, "Business/Industrial_Goods_and_Services": 0.3333333333333333, "Business/Industrial_Goods_and_Services/Packaging": 0.3333333333333333, "Business/Business_Services/Customer_Management": 0.3333333333333333, "Computers/Hacking": 0.3333333333333333}