{"sourceId": "20", "sourceTitle": "WWW.THEGUARDIAN.COM", "sourceUri": "www.theguardian.com", "numArticles": 3, "avgTitleLength": 68.0, "Recreation": 1.3333333333333333, "Recreation/Guns": 0.3333333333333333, "Recreation/Guns/Competition_Shooting": 0.3333333333333333, "Recreation/Birding": 1.0, "Recreation/Birding/North_America": 0.3333333333333333, "Recreation/Birding/Europe": 0.3333333333333333, "Science": 0.6666666666666666, "Science/Biology": 0.3333333333333333, "Science/Biology/Flora_and_Fauna": 0.3333333333333333, "Society": 1.0, "Society/Issues": 0.6666666666666666, "Society/Issues/Business": 0.6666666666666666, "Arts": 1.3333333333333333, "Arts/Music": 0.3333333333333333, "Arts/Music/Marching": 0.3333333333333333, "Arts/Online_Writing": 0.3333333333333333, "Arts/Online_Writing/Fiction": 0.3333333333333333, "Arts/Television": 0.3333333333333333, "Arts/Television/Programs": 0.3333333333333333, "Science/Astronomy": 0.3333333333333333, "Science/Astronomy/Solar_System": 0.3333333333333333, "Arts/Radio": 0.3333333333333333, "Arts/Radio/Formats": 0.3333333333333333, "Regional": 0.6666666666666666, "Regional/Europe": 0.6666666666666666, "Regional/Europe/United_Kingdom": 0.3333333333333333, "Business": 0.6666666666666666, "Business/Small_Business": 0.3333333333333333, "Home": 0.6666666666666666, "Home/Personal_Finance": 0.6666666666666666, "Home/Personal_Finance/Money_Management": 0.3333333333333333, "Business/Financial_Services": 0.3333333333333333, "Business/Financial_Services/Credit_and_Collection": 0.3333333333333333, "Society/Ethnicity": 0.3333333333333333, "Society/Ethnicity/Slavic": 0.3333333333333333, "Regional/Europe/Poland": 0.3333333333333333}