{"sourceId": "249", "sourceTitle": "GLOBE AND MAIL", "sourceUri": "www.theglobeandmail.com", "numArticles": 3, "avgTitleLength": 66.33333333333333, "Regional": 0.6666666666666666, "Regional/Europe": 0.3333333333333333, "Regional/Europe/United_Kingdom": 0.3333333333333333, "Arts": 2.3333333333333335, "Arts/Music": 1.6666666666666667, "Reference": 0.3333333333333333, "Reference/Education": 0.3333333333333333, "Reference/Education/K_through_12": 0.3333333333333333, "Arts/Performing_Arts": 0.3333333333333333, "Arts/Performing_Arts/Theatre": 0.3333333333333333, "Arts/Music/Personal_Pages": 0.3333333333333333, "Arts/Music/Education": 0.3333333333333333, "Business": 1.6666666666666667, "Business/Publishing_and_Printing": 0.3333333333333333, "Business/Publishing_and_Printing/Publishing": 0.3333333333333333, "Shopping": 0.6666666666666666, "Shopping/Music": 0.3333333333333333, "Shopping/Music/Sheet_Music": 0.3333333333333333, "Arts/Music/Resources": 0.3333333333333333, "Arts/Music/Musicology": 0.3333333333333333, "Regional/North_America": 0.3333333333333333, "Regional/North_America/United_States": 0.3333333333333333, "Computers": 0.6666666666666666, "Computers/Systems": 0.3333333333333333, "Computers/Systems/Handhelds": 0.3333333333333333, "Health": 0.6666666666666666, "Health/Medicine": 0.3333333333333333, "Health/Medicine/Facilities": 0.3333333333333333, "Business/Healthcare": 1.0, "Business/Healthcare/Marketing_and_Advertising": 0.3333333333333333, "Business/Opportunities": 0.3333333333333333, "Business/Opportunities/Networking-MLM": 0.3333333333333333, "Business/Healthcare/Computing": 0.3333333333333333, "Health/Conditions_and_Diseases": 0.3333333333333333, "Health/Conditions_and_Diseases/Neurological_Disorders": 0.3333333333333333, "Arts/Online_Writing": 0.3333333333333333, "Arts/Online_Writing/Fiction": 0.3333333333333333, "Computers/Software": 0.3333333333333333, "Computers/Software/Internet": 0.3333333333333333, "Science": 1.3333333333333333, "Science/Educational_Resources": 0.3333333333333333, "Shopping/Visual_Arts": 0.3333333333333333, "Shopping/Visual_Arts/Supplies": 0.3333333333333333, "Science/Publications": 0.3333333333333333, "Science/News_and_Media": 0.3333333333333333, "Science/Math": 0.3333333333333333, "Science/Math/Publications": 0.3333333333333333}