{"sourceId": "44", "sourceTitle": "USA TODAY SPORTS WEEKLY", "sourceUri": "www.usatoday.com", "numArticles": 9, "avgTitleLength": 43.77777777777778, "Regional": 1.7777777777777777, "Regional/North_America": 0.4444444444444444, "Regional/North_America/United_States": 0.4444444444444444, "Society": 1.3333333333333333, "Society/Law": 0.4444444444444444, "Society/Law/Organizations": 0.1111111111111111, "Society/Law/Legal_Information": 0.1111111111111111, "Society/Military": 0.1111111111111111, "Society/Issues": 0.4444444444444444, "Society/Issues/Warfare_and_Conflict": 0.1111111111111111, "Society/Issues/Terrorism": 0.1111111111111111, "Regional/Middle_East": 0.2222222222222222, "Regional/Middle_East/Saudi_Arabia": 0.1111111111111111, "Regional/Middle_East/Yemen": 0.1111111111111111, "Business": 0.7777777777777778, "Business/Transportation_and_Logistics": 0.3333333333333333, "Business/Transportation_and_Logistics/Maritime": 0.1111111111111111, "Science": 0.5555555555555556, "Science/Social_Sciences": 0.1111111111111111, "Science/Social_Sciences/Psychology": 0.1111111111111111, "Society/History": 0.3333333333333333, "Society/History/By_Topic": 0.1111111111111111, "Science/Biology": 0.2222222222222222, "Science/Biology/Biochemistry_and_Molecular_Biology": 0.1111111111111111, "Science/Biology/Genetics": 0.1111111111111111, "Science/Technology": 0.2222222222222222, "Science/Technology/Energy": 0.1111111111111111, "Society/Issues/Transportation": 0.1111111111111111, "Games": 0.1111111111111111, "Games/Video_Games": 0.1111111111111111, "Games/Video_Games/Simulation": 0.1111111111111111, "Recreation": 0.5555555555555556, "Recreation/Aviation": 0.1111111111111111, "Recreation/Aviation/Personal_Pages": 0.1111111111111111, "Science/Technology/Aerospace": 0.1111111111111111, "Business/Transportation_and_Logistics/Aviation": 0.2222222222222222, "Recreation/Travel": 0.3333333333333333, "Recreation/Travel/Transportation": 0.1111111111111111, "Regional/Europe": 0.3333333333333333, "Regional/Europe/United_Kingdom": 0.3333333333333333, "Society/Law/Services": 0.2222222222222222, "Society/History/By_Region": 0.2222222222222222, "Regional/Asia": 0.6666666666666666, "Regional/Asia/Regions": 0.2222222222222222, "Reference": 0.2222222222222222, "Reference/Education": 0.2222222222222222, "Reference/Education/Colleges_and_Universities": 0.2222222222222222, "Business/Industrial_Goods_and_Services": 0.2222222222222222, "Business/Industrial_Goods_and_Services/Packaging": 0.2222222222222222, "Sports": 0.4444444444444444, "Sports/Football": 0.2222222222222222, "Sports/Football/American": 0.2222222222222222, "Recreation/Travel/Specialty_Travel": 0.2222222222222222, "Regional/Asia/Japan": 0.2222222222222222, "Regional/Asia/Thailand": 0.1111111111111111, "Regional/Asia/Singapore": 0.1111111111111111, "Regional/Central_America": 0.1111111111111111, "Regional/Central_America/Costa_Rica": 0.1111111111111111, "Shopping": 0.2222222222222222, "Shopping/Children": 0.1111111111111111, "Shopping/Children/Baby": 0.1111111111111111, "Recreation/Trains_and_Railroads": 0.1111111111111111, "Recreation/Trains_and_Railroads/Miniature": 0.1111111111111111, "Shopping/Office_Products": 0.1111111111111111, "Shopping/Office_Products/Furniture": 0.1111111111111111, "Business/Consumer_Goods_and_Services": 0.1111111111111111, "Business/Consumer_Goods_and_Services/Office_Products": 0.1111111111111111, "Home": 0.1111111111111111, "Home/Consumer_Information": 0.1111111111111111, "Home/Consumer_Information/Home_and_Family": 0.1111111111111111, "Health": 0.1111111111111111, "Health/Alternative": 0.1111111111111111, "Health/Alternative/Coaching": 0.1111111111111111, "Business/Management": 0.1111111111111111, "Business/Management/Consulting": 0.1111111111111111, "Sports/Basketball": 0.2222222222222222, "Sports/Basketball/Training": 0.1111111111111111, "Sports/Basketball/College_and_University": 0.1111111111111111}