{"sourceId": "64", "sourceTitle": "BLOGS.WSJ.COM", "sourceUri": "blogs.wsj.com", "numArticles": 3, "avgTitleLength": 53.333333333333336, "Regional": 1.0, "Regional/Europe": 0.6666666666666666, "Regional/Europe/United_Kingdom": 0.6666666666666666, "Computers": 2.0, "Computers/Internet": 1.0, "Computers/Internet/On_the_Web": 0.3333333333333333, "Computers/Mobile_Computing": 0.6666666666666666, "Computers/Mobile_Computing/Wireless_Data": 0.3333333333333333, "Computers/Software": 0.3333333333333333, "Computers/Software/Internet": 0.3333333333333333, "Computers/Internet/Searching": 0.3333333333333333, "Computers/Internet/Web_Design_and_Development": 0.3333333333333333, "Business": 2.0, "Business/Investing": 1.0, "Business/Financial_Services": 1.0, "Business/Financial_Services/Investment_Banks": 0.3333333333333333, "Business/Investing/News_and_Media": 0.3333333333333333, "Business/Investing/Socially_Responsible": 0.3333333333333333, "Business/Financial_Services/Venture_Capital": 0.3333333333333333, "Regional/North_America": 0.3333333333333333, "Regional/North_America/Canada": 0.3333333333333333, "Society": 0.6666666666666666, "Society/Government": 0.3333333333333333, "Society/Government/Finance": 0.3333333333333333, "Business/Financial_Services/Banking_Services": 0.3333333333333333, "Society/Issues": 0.3333333333333333, "Society/Issues/Economic": 0.3333333333333333}