{"sourceId": "653", "sourceTitle": "MOSCOW TIMES", "sourceUri": "www.themoscowtimes.com", "numArticles": 3, "avgTitleLength": 47.0, "Regional": 1.6666666666666667, "Regional/North_America": 0.3333333333333333, "Regional/North_America/United_States": 0.3333333333333333, "Sports": 0.3333333333333333, "Sports/Motorsports": 0.3333333333333333, "Sports/Motorsports/Auto_Racing": 0.3333333333333333, "Regional/Europe": 1.3333333333333333, "Regional/Europe/Russia": 0.6666666666666666, "Regional/Europe/Ukraine": 0.3333333333333333, "Regional/Europe/Regions": 0.3333333333333333, "Society": 2.3333333333333335, "Society/Ethnicity": 0.3333333333333333, "Society/Ethnicity/Slavic": 0.3333333333333333, "Computers": 0.6666666666666666, "Computers/Internet": 0.3333333333333333, "Computers/Internet/On_the_Web": 0.3333333333333333, "Society/Issues": 1.0, "Society/Issues/Business": 0.6666666666666666, "Society/Politics": 0.6666666666666666, "Society/Activism": 0.3333333333333333, "Business": 1.6666666666666667, "Business/Mining_and_Drilling": 1.0, "Business/Mining_and_Drilling/Mineral_Exploration_and_Extraction": 0.3333333333333333, "Science": 0.3333333333333333, "Science/Technology": 0.3333333333333333, "Science/Technology/Mining": 0.3333333333333333, "Business/Mining_and_Drilling/Tools_and_Equipment": 0.3333333333333333, "Computers/Software": 0.3333333333333333, "Computers/Software/Databases": 0.3333333333333333, "Society/Politics/Lobbying": 0.3333333333333333, "Business/Consumer_Goods_and_Services": 0.3333333333333333, "Business/Consumer_Goods_and_Services/Jewelry": 0.3333333333333333, "Business/Industrial_Goods_and_Services": 0.3333333333333333, "Business/Industrial_Goods_and_Services/Machinery_and_Tools": 0.3333333333333333}