{"sourceId": "993", "sourceTitle": "ABCNEWS.GO.COM", "sourceUri": "abcnews.go.com", "numArticles": 9, "avgTitleLength": 46.888888888888886, "Regional": 0.7777777777777778, "Regional/Europe": 0.4444444444444444, "Regional/Europe/United_Kingdom": 0.4444444444444444, "Regional/North_America": 0.3333333333333333, "Regional/North_America/United_States": 0.3333333333333333, "Society": 1.6666666666666667, "Society/Holidays": 0.1111111111111111, "Society/Holidays/Christmas": 0.1111111111111111, "Shopping": 0.4444444444444444, "Shopping/Entertainment": 0.1111111111111111, "Shopping/Entertainment/Party_Supplies": 0.1111111111111111, "Recreation": 0.7777777777777778, "Recreation/Aviation": 0.1111111111111111, "Recreation/Aviation/Ballooning": 0.1111111111111111, "Society/Issues": 0.4444444444444444, "Society/Issues/Health": 0.1111111111111111, "Health": 0.3333333333333333, "Health/Medicine": 0.1111111111111111, "Health/Medicine/Facilities": 0.1111111111111111, "Health/Pharmacy": 0.1111111111111111, "Health/Pharmacy/Drugs_and_Medications": 0.1111111111111111, "Arts": 0.5555555555555556, "Arts/Architecture": 0.1111111111111111, "Arts/Architecture/Building_Types": 0.1111111111111111, "Arts/Movies": 0.4444444444444444, "Arts/Movies/Genres": 0.1111111111111111, "Arts/Movies/Filmmaking": 0.1111111111111111, "Shopping/Jewelry": 0.1111111111111111, "Shopping/Jewelry/Watches": 0.1111111111111111, "Arts/Movies/Film_Festivals": 0.1111111111111111, "Business": 0.4444444444444444, "Business/Business_Services": 0.2222222222222222, "Business/Business_Services/Fire_and_Security": 0.1111111111111111, "Computers": 0.7777777777777778, "Computers/Security": 0.4444444444444444, "Computers/Security/Internet": 0.1111111111111111, "Computers/Security/Consultants": 0.1111111111111111, "Computers/Software": 0.1111111111111111, "Computers/Software/Shareware": 0.1111111111111111, "Computers/Security/Products_and_Tools": 0.1111111111111111, "Society/History": 0.2222222222222222, "Society/History/By_Topic": 0.1111111111111111, "Society/History/By_Time_Period": 0.1111111111111111, "Society/Issues/Warfare_and_Conflict": 0.1111111111111111, "Society/Issues/Terrorism": 0.1111111111111111, "Business/Financial_Services": 0.1111111111111111, "Business/Financial_Services/Merchant_Services": 0.1111111111111111, "Society/Religion_and_Spirituality": 0.2222222222222222, "Society/Religion_and_Spirituality/Christianity": 0.2222222222222222, "Society/Gay,_Lesbian,_and_Bisexual": 0.6666666666666666, "Society/Gay,_Lesbian,_and_Bisexual/Religion_and_Spirituality": 0.1111111111111111, "Society/Gay,_Lesbian,_and_Bisexual/Arts_and_Entertainment": 0.1111111111111111, "Society/Gay,_Lesbian,_and_Bisexual/Sports": 0.1111111111111111, "Society/Gay,_Lesbian,_and_Bisexual/Gay_Men": 0.1111111111111111, "Society/Gay,_Lesbian,_and_Bisexual/News_and_Media": 0.1111111111111111, "Society/Issues/Abortion": 0.1111111111111111, "Health/Conditions_and_Diseases": 0.1111111111111111, "Health/Conditions_and_Diseases/Sleep_Disorders": 0.1111111111111111, "Shopping/Recreation": 0.1111111111111111, "Shopping/Recreation/Outdoors": 0.1111111111111111, "Recreation/Travel": 0.2222222222222222, "Recreation/Travel/Travelogues": 0.1111111111111111, "Recreation/Camps": 0.2222222222222222, "Recreation/Camps/North_America": 0.1111111111111111, "Recreation/Outdoors": 0.1111111111111111, "Recreation/Outdoors/Camping": 0.1111111111111111, "Recreation/Travel/Image_Galleries": 0.1111111111111111, "Computers/Internet": 0.1111111111111111, "Computers/Internet/On_the_Web": 0.1111111111111111, "Science": 0.1111111111111111, "Science/Technology": 0.1111111111111111, "Science/Technology/Energy": 0.1111111111111111, "Business/Transportation_and_Logistics": 0.1111111111111111, "Business/Transportation_and_Logistics/Moving_Services": 0.1111111111111111, "Computers/Hardware": 0.1111111111111111, "Computers/Hardware/Storage": 0.1111111111111111, "Top": 0.1111111111111111, "Recreation/Humor": 0.1111111111111111, "Recreation/Humor/Useless_Pages": 0.1111111111111111, "Business/Business_Services/Consulting": 0.1111111111111111}